No|Pengguna|PLK|DPB|Tgl Masuk|Divisi|Kode Proyek|Product|Nama Proyek|Description|Account|Unit|Cur|Unit price|Order|Curr. amount|Total (Rupiah)|Tgl Pengajuan|Tgl Kebutuhan|SPPH|PO|Jenis Order|Supplier|Order|Cur|Harga|Total|Tanggal PO|Tanggal Kirim|Amandemen|Barang Tiba|Negosiasi|Efisiensi|BA|Jml Brg|delivery time Amd|Status|Keterangan
1|IIS|LFI|110006364|05/12/2016 14:17:17|Unit Bisnis ICT|16516JI165|N15105384|Penyediaan Infrastruktur Penyiaran di Daerah Perbatasan, Terpencil dan Pulau Terluar (Paket TV Digital DVB-T2 Wilayah Layanan Wanci, Bukit Sarai, Sanggauledo, Sawela dan Tarakan)|JS SUBKON; JASA SURVEY & PRE-INSTALASI TO 5 LOKASI PROYEK PENYEDIAN INFRASTRUKTUR PERBATASAN|2151|LOT|IDR|3,2058E+08|1|3,2058E+08|3,2058E+08|01/12/2016 0:00:00|08/12/2016 0:00:00|150001775|230001746|SPERJ|GATRIESTA INDONESIA, PT|1|IDR|317374016|317374016|02/12/2016 0:00:00|15/12/2016 0:00:00|TIDAK||TIDAK|3205984|||||
2|DADANG|LFI|110006363|06/12/2016 14:59:03|Unit Bisnis Energi & Transportasi|18116JR159|N15105386|PENGUJIAN BI-DIRECTIONAL INVERTER 5 kW|JS SUBKON; JASA PENYEMPURNAAN DESAIN INVERTER 5KW|2151|LOT|IDR|1,3629E+08|1|1,3629E+08|1,3629E+08|01/12/2016 0:00:00|18/01/2017 0:00:00|150001769|230001740|SPK|MEGATAMA MUFTI LESTARI, CV.|1|IDR|134927008|134927008|22/11/2016 0:00:00|03/01/2017 0:00:00|TIDAK|28/12/2016 0:00:00|TIDAK|1362992|310003693|1|||
3|DADANG|LFI|110006362|06/12/2016 14:58:38|Unit Bisnis Energi & Transportasi|18116JR159|N15105385|PENGUJIAN BI-DIRECTIONAL INVERTER 5 kW|JS SUBKON; JASA PENGUJIAN DAN REPORTING BIDIRECTIONAL INVERTER 5KW|2151|LOT|IDR|1,3275E+08|1|1,3275E+08|1,3275E+08|01/12/2016 0:00:00|16/01/2017 0:00:00|150001768|230001739|SPK|MEGATAMA MUFTI LESTARI, CV.|1|IDR|131422000|131422000|18/11/2016 0:00:00|30/12/2016 0:00:00|TIDAK|28/12/2016 0:00:00|TIDAK|1328000|310003694|1|||
4|DADANG|LFI|110006365|07/12/2016 14:30:13|Unit Bisnis Energi & Transportasi|18115JN169|N15105236|PENGADAAN PESAWAT LATIH SAYAP TETAP SINGLE ENGINE 2015|JS SUBKON; MODE S PROGRAMING	|2151|LOT|IDR|7040000|15|1,056E+08|1,056E+08|02/12/2016 0:00:00|02/02/2017 0:00:00|150001770|230001741|SPK|ANUGERAH PUTRA SEJATI, CV.|15|IDR|7040000|105600000|08/12/2016 0:00:00|05/01/2017 0:00:00|TIDAK|14/12/2016 0:00:00|TIDAK|0|310003633|15|||
5|DADANG|LFI|110006367|07/12/2016 14:30:26|Unit Bisnis Energi & Transportasi|18116JN116|N13105767|PEMELIHARAAN RADAR 13 LOKASI 2016|BRG JD ELEKTRIK; DINAMO STARTER GENSET DEUTZ TIPE D2009 L03 12V	|2131|UN|IDR|2,587E+07|2|5,174E+07|5,174E+07|05/12/2016 0:00:00|24/02/2017 0:00:00|150001777|230001748|SP|TRITAMA BHAKTI, CV.|2|IDR|25870000|51740000|13/12/2016 0:00:00|20/12/2016 0:00:00|TIDAK|20/12/2016 0:00:00|TIDAK|0|310003643|2|||
6|DADANG|LFI|110006366|07/12/2016 14:29:54|Unit Bisnis Energi & Transportasi|18116JN116|N27100620|PEMELIHARAAN RADAR 13 LOKASI 2016|LAPTOP; LAPTOP DELL XPS 13 PROCESSOR I7-656OU, 8GB, 256 GB SSD, INTEL HD GRAPHICS, NO. ODD, WINDOWS 10SL, 13.3” TOUCHSCREEN/ 1 YEAR/ SILVER|2131|UN|IDR|2,615E+07|2|5,23E+07|5,23E+07|05/12/2016 0:00:00|24/02/2017 0:00:00|150001776|230001747|SPK|ANUGERAH PUTRA SEJATI, CV.|2|IDR|26150000|52300000|13/12/2016 0:00:00|30/12/2016 0:00:00|TIDAK|21/12/2016 0:00:00|TIDAK|0|310003665|2|||
7|DADANG|LFI|110006374|14/12/2016 9:07:56|Unit Bisnis Energi & Transportasi|18116JN113|N15105392|PEMELIHARAAN SENSOR SEISMIK 2016|JS SUBKON; JASA PERBAIKAN SHELTER	|2151|LOT|IDR|3,9E+07|1|3,9E+07|3,9E+07|06/12/2016 0:00:00|10/01/2017 0:00:00|150001782|230001752|SP|MEGATAMA MUFTI LESTARI, CV.|1|IDR|39000000|39000000|14/12/2016 0:00:00|10/01/2017 0:00:00|TIDAK||TIDAK|0|||||
8|DADANG|LFI|110006373|14/12/2016 9:08:08|Unit Bisnis Energi & Transportasi|18115JR163|N11121693|PEKERJAAN FASILITAS OPERASI PAKET A|KABEL/KAWAT; N2X2YB2Y 8X1.5 MM2 (RM) 1KV IEC60502|2131|MTR|IDR|20400|4000|8,16E+07|8,16E+07|06/12/2016 0:00:00|10/02/2017 0:00:00|150001780|0|||4000||||||TIDAK||TIDAK||||||
9|DADANG|LFI|110006373|14/12/2016 9:08:08|Unit Bisnis Energi & Transportasi|18115JR163|N11121695|PEKERJAAN FASILITAS OPERASI PAKET A|KABEL/KAWAT; T-EJ(PEM)E 2X2X0.9 MM IN LINE STEL K-007 (BLUE OS)|2131|MTR|IDR|15900|25000|3,975E+08|3,975E+08|06/12/2016 0:00:00|10/02/2017 0:00:00|150001780|0|||25000||||||TIDAK||TIDAK||||||
10|DADANG|LFI|110006373|14/12/2016 9:08:08|Unit Bisnis Energi & Transportasi|18115JR163|N11121690|PEKERJAAN FASILITAS OPERASI PAKET A|KABEL/KAWAT; N2X2YB2Y 20X1.5 MM2 (RM) 1KV IEC60502	|2131|MTR|IDR|45800|9000|4,122E+08|4,122E+08|06/12/2016 0:00:00|10/02/2017 0:00:00|150001780|0|||9000||||||TIDAK||TIDAK||||||
11|DADANG|LFI|110006373|14/12/2016 9:08:08|Unit Bisnis Energi & Transportasi|18115JR163|N11121692|PEKERJAAN FASILITAS OPERASI PAKET A|KABEL/KAWAT; N2X2YB2Y 12X1.5 MM2 (RM) 1KV IEC60502|2131|MTR|IDR|29600|15000|4,44E+08|4,44E+08|06/12/2016 0:00:00|10/02/2017 0:00:00|150001780|0|||15000||||||TIDAK||TIDAK||||||
12|DADANG|LFI|110006373|14/12/2016 9:08:08|Unit Bisnis Energi & Transportasi|18115JR163|N11121689|PEKERJAAN FASILITAS OPERASI PAKET A|KABEL/KAWAT; N2X2YB2Y 40X1.5 MM2 (RM) 1KV IEC60502	|2131|MTR|IDR|85900|30000|2,577E+09|2,577E+09|06/12/2016 0:00:00|10/02/2017 0:00:00|150001780|0|||30000||||||TIDAK||TIDAK||||||
13|DADANG|LFI|110006373|14/12/2016 9:08:08|Unit Bisnis Energi & Transportasi|18115JR163|N11121691|PEKERJAAN FASILITAS OPERASI PAKET A|KABEL/KAWAT; N2X2YB2Y 16X1.5 MM2 (RM) 1KV IEC60502|2131|MTR|IDR|37900|9000|3,411E+08|3,411E+08|06/12/2016 0:00:00|10/02/2017 0:00:00|150001780|0|||9000||||||TIDAK||TIDAK||||||
14|DADANG|LFI|110006373|14/12/2016 9:08:08|Unit Bisnis Energi & Transportasi|18115JR163|N11121694|PEKERJAAN FASILITAS OPERASI PAKET A|KABEL/KAWAT; N2X2YB2Y 4X6 MM2 (RM) 1KV SNIIEC60502|2131|MTR|IDR|31100|60000|1,866E+09|1,866E+09|06/12/2016 0:00:00|10/02/2017 0:00:00|150001780|0|||60000||||||TIDAK||TIDAK||||||
15|TINI|ALV|110006372|07/12/2016 10:24:08|Satuan Pengawasan Internal|NONE|N19110066|No Project|PENSIL; MEKANIK PLASTIK + LOGAM 0.5MM, PILOT|2241|BU|IDR|23648|2|47296|47296|06/12/2016 0:00:00|06/12/2016 0:00:00|130003762|210003585|SP|KOPERASI KARYAWAN  LEN|2|IDR|22000|44000|13/12/2016 0:00:00|20/12/2016 0:00:00|TIDAK|30/12/2016 0:00:00|YA|3296|310003712|2|||
16|TINI|ALV|110006372|07/12/2016 10:24:08|Satuan Pengawasan Internal|NONE|N19100134|No Project|MAP; KANTONG FOLDER, BENING, PLASTIK E355, GRAND|2241|BU|IDR|1881|25|47025|47025|06/12/2016 0:00:00|06/12/2016 0:00:00|130003762|210003585|SP|KOPERASI KARYAWAN  LEN|25|IDR|1750|43750|13/12/2016 0:00:00|20/12/2016 0:00:00|TIDAK|30/12/2016 0:00:00|YA|3275|310003712|25|||
17|TINI|ALV|110006372|07/12/2016 10:24:08|Satuan Pengawasan Internal|NONE|N19130300|No Project|CARTRIDGE PRINT; CATRIDGE PRINTER HP 95(COLOR) FOR OFFICE JET 150 MOBILE|2241|PCS|IDR|522000|1|522000|522000|06/12/2016 0:00:00|06/12/2016 0:00:00|130003762|210003585|SP|KOPERASI KARYAWAN  LEN|1|IDR|522000|522000|13/12/2016 0:00:00|20/12/2016 0:00:00|TIDAK|30/12/2016 0:00:00|YA|0|310003712|1|||
18|TINI|ALV|110006372|07/12/2016 10:24:08|Satuan Pengawasan Internal|NONE|N19120022|No Project|SELF STICK NOTE; 2X3 INCH, KUNING, POST IT|2241|PAC|IDR|7094|4|28376|28376|06/12/2016 0:00:00|06/12/2016 0:00:00|130003762|210003585|SP|KOPERASI KARYAWAN  LEN|4|IDR|6600|26400|13/12/2016 0:00:00|20/12/2016 0:00:00|TIDAK|30/12/2016 0:00:00|YA|1976|310003712|4|||
19|TINI|ALV|110006372|07/12/2016 10:24:08|Satuan Pengawasan Internal|NONE|N19100168|No Project|PENGHAPUS; CORRECTION , CAIR, PENTEL|2241|BU|IDR|23648|2|47296|47296|06/12/2016 0:00:00|06/12/2016 0:00:00|130003762|210003585|SP|KOPERASI KARYAWAN  LEN|2|IDR|22000|44000|13/12/2016 0:00:00|20/12/2016 0:00:00|TIDAK|30/12/2016 0:00:00|YA|3296|310003712|2|||
20|TINI|ALV|110006372|07/12/2016 10:24:08|Satuan Pengawasan Internal|NONE|N19100142|No Project|MAP; STOPMAP, BIRU, KERTAS, DIAMON|2241|BU|IDR|2365|1|2365|2365|06/12/2016 0:00:00|06/12/2016 0:00:00|130003762|210003585|SP|KOPERASI KARYAWAN  LEN|1|IDR|2200|2200|13/12/2016 0:00:00|20/12/2016 0:00:00|TIDAK|30/12/2016 0:00:00|YA|165|310003712|1|||
21|TINI|ALV|110006372|07/12/2016 10:24:08|Satuan Pengawasan Internal|NONE|N19110048|No Project|SPIDOL; ARTLINE 30, HITAM, ARTLINE|2241|BU|IDR|11824|1|11824|11824|06/12/2016 0:00:00|06/12/2016 0:00:00|130003762|210003585|SP|KOPERASI KARYAWAN  LEN|1|IDR|11000|11000|13/12/2016 0:00:00|20/12/2016 0:00:00|TIDAK|30/12/2016 0:00:00|YA|824|310003712|1|||
22|TINI|ALV|110006372|07/12/2016 10:24:08|Satuan Pengawasan Internal|NONE|N27110230|No Project|USB; FLASHDISK 16 GB,  KINGSTON|2241|BU|IDR|424436,3|3|1273309|1273309|06/12/2016 0:00:00|06/12/2016 0:00:00|130003762|210003585|SP|KOPERASI KARYAWAN  LEN|3|IDR|400000|1200000|13/12/2016 0:00:00|20/12/2016 0:00:00|TIDAK|30/12/2016 0:00:00|YA|73308,75|310003712|3|||
23|IIS|LFI|110006371|14/12/2016 15:01:45|Unit Bisnis ICT|16516JI165|N15105387|Penyediaan Infrastruktur Penyiaran di Daerah Perbatasan, Terpencil dan Pulau Terluar (Paket TV Digital DVB-T2 Wilayah Layanan Wanci, Bukit Sarai, Sanggauledo, Sawela dan Tarakan)|JS SUBKON; PENGIRIMAN BARANG SITE WANCI (WAKATOBI)	|2151|LOT|IDR|5,487E+07|1|5,487E+07|5,487E+07|06/12/2016 0:00:00|13/12/2016 0:00:00|150001786|230001757|SPK|CAKRAWALA PARCEL EXPRESS, PT.|1|IDR|54870000|54870000|15/12/2016 0:00:00|13/01/2017 0:00:00|TIDAK||TIDAK|0|||||
24|IIS|LFI|110006371|14/12/2016 15:01:45|Unit Bisnis ICT|16516JI165|N15105389|Penyediaan Infrastruktur Penyiaran di Daerah Perbatasan, Terpencil dan Pulau Terluar (Paket TV Digital DVB-T2 Wilayah Layanan Wanci, Bukit Sarai, Sanggauledo, Sawela dan Tarakan)|JS SUBKON; PENGIRIMAN BARANG SITE SUWELA (NTB)|2151|LOT|IDR|3,7E+07|1|3,7E+07|3,7E+07|06/12/2016 0:00:00|13/12/2016 0:00:00|150001786|230001757|SPK|CAKRAWALA PARCEL EXPRESS, PT.|1|IDR|37000000|37000000|15/12/2016 0:00:00|13/01/2017 0:00:00|TIDAK||TIDAK|0|||||
25|IIS|LFI|110006371|14/12/2016 15:01:45|Unit Bisnis ICT|16516JI165|N15105391|Penyediaan Infrastruktur Penyiaran di Daerah Perbatasan, Terpencil dan Pulau Terluar (Paket TV Digital DVB-T2 Wilayah Layanan Wanci, Bukit Sarai, Sanggauledo, Sawela dan Tarakan)|JS SUBKON; PENGIRIMAN BARANG SITE TARAK (KAL. UTARA)|2151|LOT|IDR|4,6E+07|1|4,6E+07|4,6E+07|06/12/2016 0:00:00|13/12/2016 0:00:00|150001791|230001759|SPK|SINAR BARU LOGISTIK, PT.|1|IDR|46000000|46000000|15/12/2016 0:00:00|13/01/2017 0:00:00|TIDAK||TIDAK|0|||||
26|IIS|LFI|110006371|14/12/2016 15:01:45|Unit Bisnis ICT|16516JI165|N15105391|Penyediaan Infrastruktur Penyiaran di Daerah Perbatasan, Terpencil dan Pulau Terluar (Paket TV Digital DVB-T2 Wilayah Layanan Wanci, Bukit Sarai, Sanggauledo, Sawela dan Tarakan)|JS SUBKON; PENGIRIMAN BARANG SITE TARAK (KAL. UTARA)|2151|LOT|IDR|4,6E+07|1|4,6E+07|4,6E+07|06/12/2016 0:00:00|13/12/2016 0:00:00|150001786|230001757|SPK|CAKRAWALA PARCEL EXPRESS, PT.|1|IDR|56000000|0|15/12/2016 0:00:00|13/01/2017 0:00:00|TIDAK||TIDAK|46000000|||||
27|IIS|LFI|110006371|14/12/2016 15:01:45|Unit Bisnis ICT|16516JI165|N15105390|Penyediaan Infrastruktur Penyiaran di Daerah Perbatasan, Terpencil dan Pulau Terluar (Paket TV Digital DVB-T2 Wilayah Layanan Wanci, Bukit Sarai, Sanggauledo, Sawela dan Tarakan)|JS SUBKON; PENGIRIMAN BARANG SITE SANGGAULEDO (KALBAR)	|2151|LOT|IDR|3,7E+07|1|3,7E+07|3,7E+07|06/12/2016 0:00:00|13/12/2016 0:00:00|150001791|230001759|SPK|SINAR BARU LOGISTIK, PT.|1|IDR|37000000|37000000|15/12/2016 0:00:00|13/01/2017 0:00:00|TIDAK||TIDAK|0|||||
28|IIS|LFI|110006371|14/12/2016 15:01:45|Unit Bisnis ICT|16516JI165|N15105390|Penyediaan Infrastruktur Penyiaran di Daerah Perbatasan, Terpencil dan Pulau Terluar (Paket TV Digital DVB-T2 Wilayah Layanan Wanci, Bukit Sarai, Sanggauledo, Sawela dan Tarakan)|JS SUBKON; PENGIRIMAN BARANG SITE SANGGAULEDO (KALBAR)	|2151|LOT|IDR|3,7E+07|1|3,7E+07|3,7E+07|06/12/2016 0:00:00|13/12/2016 0:00:00|150001786|230001757|SPK|CAKRAWALA PARCEL EXPRESS, PT.|1|IDR|68000000|0|15/12/2016 0:00:00|13/01/2017 0:00:00|TIDAK||TIDAK|37000000|||||
29|IIS|LFI|110006371|14/12/2016 15:01:45|Unit Bisnis ICT|16516JI165|N15105388|Penyediaan Infrastruktur Penyiaran di Daerah Perbatasan, Terpencil dan Pulau Terluar (Paket TV Digital DVB-T2 Wilayah Layanan Wanci, Bukit Sarai, Sanggauledo, Sawela dan Tarakan)|JS SUBKON; PENGIRIMAN BARANG SITE BUKIT SARAI (PADANG)	|2151|LOT|IDR|5,301E+07|1|5,301E+07|5,301E+07|06/12/2016 0:00:00|13/12/2016 0:00:00|150001786|230001757|SPK|CAKRAWALA PARCEL EXPRESS, PT.|1|IDR|53010000|53010000|15/12/2016 0:00:00|13/01/2017 0:00:00|TIDAK||TIDAK|0|||||
30|IIS|LFI|110006370|14/12/2016 15:01:34|Unit Bisnis ICT|16516JI165|N13105770|Penyediaan Infrastruktur Penyiaran di Daerah Perbatasan, Terpencil dan Pulau Terluar (Paket TV Digital DVB-T2 Wilayah Layanan Wanci, Bukit Sarai, Sanggauledo, Sawela dan Tarakan)|BRG JD ELEKTRIK; KABEL POWER TO 5 LOKASI TV PERBATASAN|2131|LOT|IDR|6,21454E+07|1|6,21454E+07|6,21454E+07|06/12/2016 0:00:00|13/12/2016 0:00:00|150001785|230001756|SPK|ANUGERAH PUTRA SEJATI, CV.|1|IDR|62145400|62145400|14/12/2016 0:00:00|30/12/2016 0:00:00|TIDAK|21/12/2016 0:00:00|TIDAK|0|310003663|1|||
31|IIS|LFI|110006369|14/12/2016 15:01:21|Unit Bisnis ICT|16516JI165|N13105769|Penyediaan Infrastruktur Penyiaran di Daerah Perbatasan, Terpencil dan Pulau Terluar (Paket TV Digital DVB-T2 Wilayah Layanan Wanci, Bukit Sarai, Sanggauledo, Sawela dan Tarakan)|BRG JD ELEKTRIK; PENANGKAL PETIR TO 3 LOKASI TV PERBATASAN|2131|LOT|IDR|2,21205E+07|1|2,21205E+07|2,21205E+07|06/12/2016 0:00:00|13/12/2016 0:00:00|150001784|230001755|SP|ANUGERAH PUTRA SEJATI, CV.|1|IDR|22120500|22120500|14/12/2016 0:00:00|30/12/2016 0:00:00|TIDAK|16/12/2016 0:00:00|TIDAK|0|310003635|1|||
32|IIS|LFI|110006368|14/12/2016 15:01:07|Unit Bisnis ICT|16516JI165|N13105768|Penyediaan Infrastruktur Penyiaran di Daerah Perbatasan, Terpencil dan Pulau Terluar (Paket TV Digital DVB-T2 Wilayah Layanan Wanci, Bukit Sarai, Sanggauledo, Sawela dan Tarakan)|BRG JD ELEKTRIK; MATERIAL GROUNDING TO 5 LOKASI TV PERBATASAN|2131|LOT|IDR|6,63142E+07|1|6,63142E+07|6,63142E+07|06/12/2016 0:00:00|13/12/2016 0:00:00|150001783|230001754|SPK|TRITAMA BHAKTI, CV.|1|IDR|66314200|66314200|14/12/2016 0:00:00|30/12/2016 0:00:00|TIDAK|21/12/2016 0:00:00|TIDAK|0|310003662|1|||
33|DADANG|LFI|110006376|14/12/2016 9:07:22|Unit Bisnis Energi & Transportasi|18116JN116|N15105393|PEMELIHARAAN RADAR 13 LOKASI 2016|JS SUBKON; PEKERJAAN KOREKTIF MAINTENANCE RADAR CUACA BMKG UNTUK 9 LOKASI|2151|LOT|IDR|5,0551E+07|1|5,0551E+07|5,0551E+07|07/12/2016 0:00:00|28/02/2017 0:00:00|150001781|230001751|SPK|ANUGERAH PUTRA SEJATI, CV.|1|IDR|50551000|50551000|14/12/2016 0:00:00|30/12/2016 0:00:00|TIDAK|21/12/2016 0:00:00|TIDAK|0|310003664|1|||
34|DWI|ARF|110006375|08/12/2016 14:45:48|Divisi Produksi|35016MR118|13111762|SINYAL LED 2016|BARANG JADI MEKANIK; SOCKET, ST. ROUND DIA 50, DIA 50 X 20 , MILD STEEL, PR 09XS 706|2134|BU|IDR|34397|16|550352|550352|07/12/2016 0:00:00|06/01/2017 0:00:00|130003767|210003590|SPK|AMALIA PRATAMA, CV|16|IDR|34000|544000|16/12/2016 0:00:00|27/01/2017 0:00:00|TIDAK||TIDAK|6352|||||
35|DWI|ARF|110006375|08/12/2016 14:45:48|Divisi Produksi|35016MR118|13112428|SINYAL LED 2016|BARANG JADI MEKANIK; SUPPORT PLATE, 350X140X12MM, MILD STEEL|2134|BU|IDR|64494|136|8771184|8771184|07/12/2016 0:00:00|06/01/2017 0:00:00|130003767|210003590|SPK|AMALIA PRATAMA, CV|136|IDR|63000|8568000|16/12/2016 0:00:00|27/01/2017 0:00:00|TIDAK||TIDAK|203184|||||
36|DWI|ARF|110006375|08/12/2016 14:45:48|Divisi Produksi|35016MR118|12101619|SINYAL LED 2016|BAHAN MEKANIK; PIPA, BESI, STK 41, DIA 5", T=6 MM, 6.000 MM|2134|LEN|IDR|2106804|25|5,26701E+07|5,26701E+07|07/12/2016 0:00:00|06/01/2017 0:00:00|130003767|210003590|SPK|AMALIA PRATAMA, CV|25|IDR|2050000|51250000|16/12/2016 0:00:00|27/01/2017 0:00:00|TIDAK||TIDAK|1420100|||||
37|DWI|ARF|110006375|08/12/2016 14:45:48|Divisi Produksi|35016MR118|13113084|SINYAL LED 2016|BARANG JADI MEKANIK; STAP LADDER, 18X185MM|2134|BU|IDR|17736|182|3227952|3227952|07/12/2016 0:00:00|06/01/2017 0:00:00|130003767|210003590|SPK|AMALIA PRATAMA, CV|182|IDR|17500|3185000|16/12/2016 0:00:00|27/01/2017 0:00:00|TIDAK||TIDAK|42952|||||
38|DWI|ARF|110006375|08/12/2016 14:45:48|Divisi Produksi|35016MR118|13112425|SINYAL LED 2016|BARANG JADI MEKANIK; BASE PLATE, PLATE 20, 460 X 460 X 20 , MILD STEEL|2134|BU|IDR|546587|34|1,858396E+07|1,858396E+07|07/12/2016 0:00:00|06/01/2017 0:00:00|130003767|210003590|SPK|AMALIA PRATAMA, CV|34|IDR|532000|18088000|16/12/2016 0:00:00|27/01/2017 0:00:00|TIDAK||TIDAK|495958|||||
39|RENNI|ASL|110006381|13/12/2016 16:05:46|UB Elektronika Pertahanan|11614UD104|N20130279|STARSTREAK & ACCESSORIES PROJECT|KURSI; KURSI KERJA SUBARU SB302|2131|BU|IDR|850000|4|3400000|3400000|08/12/2016 0:00:00|06/12/2016 0:00:00|140001136|220001105|SPK|BITRAS, CV.|4|IDR|800000|3200000|12/12/2016 0:00:00|20/12/2016 0:00:00|TIDAK|23/12/2016 0:00:00|TIDAK|200000|310003681|4|||
40|RENNI|ASL|110006381|13/12/2016 16:05:46|UB Elektronika Pertahanan|11614UD104|N20120120|STARSTREAK & ACCESSORIES PROJECT|ALAT KANTOR LAIN2; STORAGE BIN STORAGE KRISBOW 150X240X124|2131|BU|IDR|60000|60|3600000|3600000|08/12/2016 0:00:00|06/12/2016 0:00:00|140001136|220001105|SPK|BITRAS, CV.|60|IDR|57000|3420000|12/12/2016 0:00:00|20/12/2016 0:00:00|TIDAK|23/12/2016 0:00:00|TIDAK|180000|310003681|60|||
41|RENNI|ASL|110006381|13/12/2016 16:05:46|UB Elektronika Pertahanan|11614UD104|N20120118|STARSTREAK & ACCESSORIES PROJECT|LEMARI ARSIP; LEMARI ARSIP BROTHER B-304|2131|BU|IDR|3400000|5|1,7E+07|1,7E+07|08/12/2016 0:00:00|06/12/2016 0:00:00|140001136|220001105|SPK|BITRAS, CV.|5|IDR|3230000|16150000|12/12/2016 0:00:00|20/12/2016 0:00:00|TIDAK|23/12/2016 0:00:00|TIDAK|850000|310003681|5|||
42|RENNI|ASL|110006381|13/12/2016 16:05:46|UB Elektronika Pertahanan|11614UD104|N20120121|STARSTREAK & ACCESSORIES PROJECT|TEMPAT PENYIMPANAN; STEEL RACK 100X190X40|2131|BU|IDR|1850000|6|1,11E+07|1,11E+07|08/12/2016 0:00:00|06/12/2016 0:00:00|140001136|220001105|SPK|BITRAS, CV.|6|IDR|1750000|10500000|12/12/2016 0:00:00|20/12/2016 0:00:00|TIDAK|23/12/2016 0:00:00|TIDAK|600000|310003681|6|||
43|RENNI|ASL|110006381|13/12/2016 16:05:46|UB Elektronika Pertahanan|11614UD104|N20120119|STARSTREAK & ACCESSORIES PROJECT|ALAT KANTOR LAIN2; WHITEBOARD SINGLE FACE STAND 120X240|2131|BU|IDR|1650000|1|1650000|1650000|08/12/2016 0:00:00|06/12/2016 0:00:00|140001136|220001105|SPK|BITRAS, CV.|1|IDR|1565000|1565000|12/12/2016 0:00:00|20/12/2016 0:00:00|TIDAK|23/12/2016 0:00:00|TIDAK|85000|310003681|1|||
44|RENNI|ASL|110006381|13/12/2016 16:05:46|UB Elektronika Pertahanan|11614UD104|N20130277|STARSTREAK & ACCESSORIES PROJECT|MEJA; MEJA KERJA MODERA MOD 120|2131|BU|IDR|1550000|8|1,24E+07|1,24E+07|08/12/2016 0:00:00|06/12/2016 0:00:00|140001136|220001105|SPK|BITRAS, CV.|8|IDR|1472500|11780000|12/12/2016 0:00:00|20/12/2016 0:00:00|TIDAK|23/12/2016 0:00:00|TIDAK|620000|310003681|8|||
45|RENNI|ASL|110006381|13/12/2016 16:05:46|UB Elektronika Pertahanan|11614UD104|N20130278|STARSTREAK & ACCESSORIES PROJECT|KURSI; KURSI KULIAH CHITOSE YAMATO MBD|2131|BU|IDR|775000|20|1,55E+07|1,55E+07|08/12/2016 0:00:00|06/12/2016 0:00:00|140001136|220001105|SPK|BITRAS, CV.|20|IDR|735000|14700000|12/12/2016 0:00:00|20/12/2016 0:00:00|TIDAK|23/12/2016 0:00:00|TIDAK|800000|310003681|20|||
46|RENNI|ASL|110006380|13/12/2016 16:05:59|UB Elektronika Pertahanan|11614UD104|N10162820|STARSTREAK & ACCESSORIES PROJECT|CONNECTOR; MILITARY CONNECTOR IGE6E18H5ZWBZLF-09N286|2131|BU|IDR|1,275E+07|7|8,925E+07|8,925E+07|08/12/2016 0:00:00|30/01/2017 0:00:00|140001135|220001106|SPK|BITRAS, CV.|7|IDR|12300000|86100000|08/12/2016 0:00:00|03/03/2017 0:00:00|TIDAK||TIDAK|3150000|||||
47|RENNI|ASL|110006380|13/12/2016 16:05:59|UB Elektronika Pertahanan|11614UD104|N11121688|STARSTREAK & ACCESSORIES PROJECT|KABEL/KAWAT; CABLE HABIA 909005000|2131|MTR|IDR|920000|100|9,2E+07|9,2E+07|08/12/2016 0:00:00|30/01/2017 0:00:00|140001135|220001106|SPK|BITRAS, CV.|100|IDR|880000|88000000|08/12/2016 0:00:00|03/03/2017 0:00:00|TIDAK||TIDAK|4000000|||||
48|DADANG|LFI|110006379|14/12/2016 9:07:01|Unit Bisnis Energi & Transportasi|18116JN115|N15105395|PEMELIHARAAN SIMULATOR PESAWAT KOMERSIAL 2016|JS SUBKON; JASA QTG RE-RUN AND COMPARE PERALATAN SIMULATOR	|2151|LOT|IDR|1,74E+08|1|1,74E+08|1,74E+08|08/12/2016 0:00:00|08/02/2017 0:00:00|150001779|230001750|SPK|ANUGERAH PUTRA SEJATI, CV.|1|IDR|174000000|174000000|14/12/2016 0:00:00|30/12/2016 0:00:00|TIDAK|27/12/2016 0:00:00|TIDAK|0|310003688|1|||
49|DADANG|LFI|110006378|14/12/2016 9:06:20|Unit Bisnis Energi & Transportasi|18116JN115|N15105394|PEMELIHARAAN SIMULATOR PESAWAT KOMERSIAL 2016|JS SUBKON; JASA PEMELIHARAAN PREVENTIF DAILY, WEEKLY, BIWEEKLY, MONTHLY, QUARTERLY, HALFYEARLY, DAN YEARLY PERALATAN SIMULATOR|2151|LOT|IDR|1,5503E+08|1|1,5503E+08|1,5503E+08|08/12/2016 0:00:00|08/02/2017 0:00:00|150001789|230001782|SPK|SILEN INDONESIA, PT.|1|IDR|155030000|155030000|20/12/2016 0:00:00|08/02/2017 0:00:00|TIDAK||TIDAK|0|||||
50|DADANG|LFI|110006377|14/12/2016 9:07:43|Unit Bisnis Energi & Transportasi|18116JN115|N27100622|PEMELIHARAAN SIMULATOR PESAWAT KOMERSIAL 2016|LAPTOP; LAPTOP ASUS GL502VS-FY057T	|2131|UN|IDR|3,19E+07|1|3,19E+07|3,19E+07|08/12/2016 0:00:00|24/01/2017 0:00:00|150001778|230001749|SP|TRITAMA BHAKTI, CV.|1|IDR|31900000|31900000|14/12/2016 0:00:00|28/12/2016 0:00:00|TIDAK|23/12/2016 0:00:00|TIDAK|0|310003685|1|||
51|RENNI|ASL|110006395|15/12/2016 14:57:35|UB Elektronika Pertahanan|11616JD139|N13105783|PENGEMBANGAN PROTOTIPE ALKOM MEDIUM TANK T I|BRG JD ELEKTRIK; VDX3-6754-2G; VORTEX 86DX3 PCF104 CPU MODULE 2GB 4S/2USB/VGA/LCD/LVDS/AUDIO/LAN/GPIO|2131|UN|IDR|4300000|5|2,15E+07|2,15E+07|09/12/2016 0:00:00|22/12/2016 0:00:00|140001139|220001109|SP|BITRAS, CV.|5|IDR|4085000|20425000|12/12/2016 0:00:00|21/12/2016 0:00:00|TIDAK|23/12/2016 0:00:00|TIDAK|1075000|310003680|5|||
52|RENNI|ASL|110006395|15/12/2016 14:57:35|UB Elektronika Pertahanan|11616JD139|N11121696|PENGEMBANGAN PROTOTIPE ALKOM MEDIUM TANK T I|KABEL/KAWAT; CABLE-SET-6754; NET4X2(2.0), RS232(2.0), USB(2.0)X1 PRINT (2.0)X 1 VGA (2.0)X 1 GPIO X (2.0) X 1 PS2KB (TEST 2X2) CABLE AUDIO 4P (1,25) X 2|2131|UN|IDR|290000|5|1450000|1450000|09/12/2016 0:00:00|22/12/2016 0:00:00|140001139|220001109|SP|BITRAS, CV.|5|IDR|275000|1375000|12/12/2016 0:00:00|21/12/2016 0:00:00|TIDAK|23/12/2016 0:00:00|TIDAK|75000|310003680|5|||
53|RENNI|ASL|110006395|15/12/2016 14:57:35|UB Elektronika Pertahanan|11616JD139|N13105784|PENGEMBANGAN PROTOTIPE ALKOM MEDIUM TANK T I|BRG JD ELEKTRIK; SDM-SST-4G-H-M; 4G MLC TYPE, INDUSTRIAL, STANDARD GRADE|2131|UN|IDR|420000|5|2100000|2100000|09/12/2016 0:00:00|22/12/2016 0:00:00|140001139|220001109|SP|BITRAS, CV.|5|IDR|399000|1995000|12/12/2016 0:00:00|21/12/2016 0:00:00|TIDAK|23/12/2016 0:00:00|TIDAK|105000|310003680|5|||
54|DADANG|ALV|110006394|14/12/2016 15:02:10|Unit Bisnis Energi & Transportasi|NONE|N19140172|No Project|BLANKO; FORMULIR K-3.2, RANGKAP 5|2241|BK|IDR|58045|10|580450|580450|09/12/2016 0:00:00|19/12/2016 0:00:00|150001788|230001765|SP|KOPERASI KARYAWAN  LEN|10|IDR|55000|550000|19/12/2016 0:00:00|26/12/2016 0:00:00|TIDAK|30/12/2016 0:00:00|YA|30450|310003710|10|||
55|DADANG|ALV|110006394|14/12/2016 15:02:10|Unit Bisnis Energi & Transportasi|NONE|N19120019|No Project|KERTAS; HVS, 80 GRAM, A4, PUTIH, BOLA DUNIA|2241|RIM|IDR|42996|10|429960|429960|09/12/2016 0:00:00|19/12/2016 0:00:00|150001788|230001765|SP|KOPERASI KARYAWAN  LEN|10|IDR|40000|400000|19/12/2016 0:00:00|26/12/2016 0:00:00|TIDAK|30/12/2016 0:00:00|YA|29960|310003710|10|||
56|DADANG|ALV|110006394|14/12/2016 15:02:10|Unit Bisnis Energi & Transportasi|NONE|N19140055|No Project|BLANKO; FORMULIR K-1, 21.5X29.7 CM,  NCR RANGKAP 3|2241|BK|IDR|35472|40|1418880|1418880|09/12/2016 0:00:00|19/12/2016 0:00:00|150001788|230001765|SP|KOPERASI KARYAWAN  LEN|40|IDR|33000|1320000|19/12/2016 0:00:00|26/12/2016 0:00:00|TIDAK|30/12/2016 0:00:00|YA|98880|310003710|40|||
57|RENNI|ASL|110006393|15/12/2016 14:57:50|UB Elektronika Pertahanan|11616UD144|N10162846|PENGADAAN ICCS FOR BATTLE VEHICLE PDN TA 2016|CONNECTOR; CONNECTOR AUDIO 10PIN; YH161/U, YEONHAB|2131|BU|IDR|393000|20|7860000|7860000|09/12/2016 0:00:00|09/01/2017 0:00:00|140001141|220001111|SP|BITRAS, CV.|20|IDR|377000|7540000|14/12/2016 0:00:00|23/12/2016 0:00:00|TIDAK|23/12/2016 0:00:00|TIDAK|320000|310003687|20|||
58|RENNI|ASL|110006393|15/12/2016 14:57:50|UB Elektronika Pertahanan|11616UD144|N10162845|PENGADAAN ICCS FOR BATTLE VEHICLE PDN TA 2016|CONNECTOR; CONNECTOR AUDIO 10PIN; YH79/U, YEONHAB	|2131|BU|IDR|554000|20|1,108E+07|1,108E+07|09/12/2016 0:00:00|09/01/2017 0:00:00|140001141|220001111|SP|BITRAS, CV.|20|IDR|537000|10740000|14/12/2016 0:00:00|23/12/2016 0:00:00|TIDAK|23/12/2016 0:00:00|TIDAK|340000|310003687|20|||
59|RENNI|ASL|110006392|15/12/2016 14:58:21|UB Elektronika Pertahanan|11616UD144|N13105787|PENGADAAN ICCS FOR BATTLE VEHICLE PDN TA 2016|BRG JD ELEKTRIK; RXM-GPS-R4; RXM-GPS-R4-T|2131|BU|IDR|497000|2|994000|994000|09/12/2016 0:00:00|05/01/2017 0:00:00|140001140|220001110|SP|BITRAS, CV.|2|IDR|472000|944000|13/12/2016 0:00:00|22/12/2016 0:00:00|TIDAK|28/12/2016 0:00:00|TIDAK|50000|310003700|2|||
60|RENNI|ASL|110006392|15/12/2016 14:58:21|UB Elektronika Pertahanan|11616UD144|N10202619|PENGADAAN ICCS FOR BATTLE VEHICLE PDN TA 2016|ACCESSORIES; MATERIAL MULTI APERTURE; BN61-2402	|2131|BU|IDR|39000|25|975000|975000|09/12/2016 0:00:00|05/01/2017 0:00:00|140001140|220001110|SP|BITRAS, CV.|25|IDR|37000|925000|13/12/2016 0:00:00|22/12/2016 0:00:00|TIDAK|28/12/2016 0:00:00|TIDAK|50000|310003700|25|||
61|RENNI|ASL|110006392|15/12/2016 14:58:21|UB Elektronika Pertahanan|11616UD144|N10130382|PENGADAAN ICCS FOR BATTLE VEHICLE PDN TA 2016|TRANSISTOR; MOSFET; BF1105R215|2131|BU|IDR|6950|25|173750|173750|09/12/2016 0:00:00|05/01/2017 0:00:00|140001140|220001110|SP|BITRAS, CV.|25|IDR|6500|162500|13/12/2016 0:00:00|22/12/2016 0:00:00|TIDAK|28/12/2016 0:00:00|TIDAK|11250|310003700|25|||
62|RENNI|ASL|110006392|15/12/2016 14:58:21|UB Elektronika Pertahanan|11616UD144|N10171214|PENGADAAN ICCS FOR BATTLE VEHICLE PDN TA 2016|SWITCH; PUSH ON; RP8200B2M1CEBLKBLKRED	|2131|BU|IDR|110100|25|2752500|2752500|09/12/2016 0:00:00|05/01/2017 0:00:00|140001140|220001110|SP|BITRAS, CV.|25|IDR|106000|2650000|13/12/2016 0:00:00|22/12/2016 0:00:00|TIDAK|28/12/2016 0:00:00|TIDAK|102500|310003700|25|||
63|RENNI|ASL|110006392|15/12/2016 14:58:21|UB Elektronika Pertahanan|11616UD144|N13105785|PENGADAAN ICCS FOR BATTLE VEHICLE PDN TA 2016|BRG JD ELEKTRIK; MITYDSP-L138F; L138-FI-236-RL	|2131|BU|IDR|8600000|2|1,72E+07|1,72E+07|09/12/2016 0:00:00|05/01/2017 0:00:00|140001140|220001110|SP|BITRAS, CV.|2|IDR|8260000|16520000|13/12/2016 0:00:00|22/12/2016 0:00:00|TIDAK|28/12/2016 0:00:00|TIDAK|680000|310003700|2|||
64|RENNI|ASL|110006392|15/12/2016 14:58:21|UB Elektronika Pertahanan|11616UD144|N10202615|PENGADAAN ICCS FOR BATTLE VEHICLE PDN TA 2016|ACCESSORIES; FEED THROUGH; NFM21CC471R1H3D|2131|BU|IDR|3870|250|967500|967500|09/12/2016 0:00:00|05/01/2017 0:00:00|140001140|220001110|SP|BITRAS, CV.|250|IDR|3700|925000|13/12/2016 0:00:00|22/12/2016 0:00:00|TIDAK|28/12/2016 0:00:00|TIDAK|42500|310003700|250|||
65|RENNI|ASL|110006392|15/12/2016 14:58:21|UB Elektronika Pertahanan|11616UD144|N10202617|PENGADAAN ICCS FOR BATTLE VEHICLE PDN TA 2016|ACCESSORIES; TOROID; FT23-43|2131|BU|IDR|36000|25|900000|900000|09/12/2016 0:00:00|05/01/2017 0:00:00|140001140|220001110|SP|BITRAS, CV.|25|IDR|34000|850000|13/12/2016 0:00:00|22/12/2016 0:00:00|TIDAK|28/12/2016 0:00:00|TIDAK|50000|310003700|25|||
66|RENNI|ASL|110006392|15/12/2016 14:58:21|UB Elektronika Pertahanan|11616UD144|N10202613|PENGADAAN ICCS FOR BATTLE VEHICLE PDN TA 2016|ACCESSORIES; T50-2; T50-2|2131|BU|IDR|38200|110|4202000|4202000|09/12/2016 0:00:00|05/01/2017 0:00:00|140001140|220001110|SP|BITRAS, CV.|110|IDR|36500|4015000|13/12/2016 0:00:00|22/12/2016 0:00:00|TIDAK|28/12/2016 0:00:00|TIDAK|187000|310003700|110|||
67|RENNI|ASL|110006392|15/12/2016 14:58:21|UB Elektronika Pertahanan|11616UD144|N10171215|PENGADAAN ICCS FOR BATTLE VEHICLE PDN TA 2016|SWITCH; RELAY 5V; IM03GR|2131|BU|IDR|63200|25|1580000|1580000|09/12/2016 0:00:00|05/01/2017 0:00:00|140001140|220001110|SP|BITRAS, CV.|25|IDR|60000|1500000|13/12/2016 0:00:00|22/12/2016 0:00:00|TIDAK|28/12/2016 0:00:00|TIDAK|80000|310003700|25|||
68|RENNI|ASL|110006392|15/12/2016 14:58:21|UB Elektronika Pertahanan|11616UD144|N13105786|PENGADAAN ICCS FOR BATTLE VEHICLE PDN TA 2016|BRG JD ELEKTRIK; MYRIADRF; MYRIADRF-1|2131|BU|IDR|6300000|2|1,26E+07|1,26E+07|09/12/2016 0:00:00|05/01/2017 0:00:00|140001140|220001110|SP|BITRAS, CV.|2|IDR|6070000|12140000|13/12/2016 0:00:00|22/12/2016 0:00:00|TIDAK|28/12/2016 0:00:00|TIDAK|460000|310003700|2|||
69|RENNI|ASL|110006392|15/12/2016 14:58:21|UB Elektronika Pertahanan|11616UD144|N10202618|PENGADAAN ICCS FOR BATTLE VEHICLE PDN TA 2016|ACCESSORIES; TOROID; FT37-61	|2131|BU|IDR|38200|25|955000|955000|09/12/2016 0:00:00|05/01/2017 0:00:00|140001140|220001110|SP|BITRAS, CV.|25|IDR|36000|900000|13/12/2016 0:00:00|22/12/2016 0:00:00|TIDAK|28/12/2016 0:00:00|TIDAK|55000|310003700|25|||
70|RENNI|ASL|110006392|15/12/2016 14:58:21|UB Elektronika Pertahanan|11616UD144|N10130381|PENGADAAN ICCS FOR BATTLE VEHICLE PDN TA 2016|TRANSISTOR; MOSFET; BF908WR115|2131|BU|IDR|8500|25|212500|212500|09/12/2016 0:00:00|05/01/2017 0:00:00|140001140|220001110|SP|BITRAS, CV.|25|IDR|8000|200000|13/12/2016 0:00:00|22/12/2016 0:00:00|TIDAK|28/12/2016 0:00:00|TIDAK|12500|310003700|25|||
71|RENNI|ASL|110006392|15/12/2016 14:58:21|UB Elektronika Pertahanan|11616UD144|N10202616|PENGADAAN ICCS FOR BATTLE VEHICLE PDN TA 2016|ACCESSORIES; FEED THROUGH; NFM21PC104R1E3D|2131|BU|IDR|2500|250|625000|625000|09/12/2016 0:00:00|05/01/2017 0:00:00|140001140|220001110|SP|BITRAS, CV.|250|IDR|2400|600000|13/12/2016 0:00:00|22/12/2016 0:00:00|TIDAK|28/12/2016 0:00:00|TIDAK|25000|310003700|250|||
72|RENNI|ASL|110006392|15/12/2016 14:58:21|UB Elektronika Pertahanan|11616UD144|N10202612|PENGADAAN ICCS FOR BATTLE VEHICLE PDN TA 2016|ACCESSORIES; BFU550AR; BFU550AR|2131|BU|IDR|5900|25|147500|147500|09/12/2016 0:00:00|05/01/2017 0:00:00|140001140|220001110|SP|BITRAS, CV.|25|IDR|5500|137500|13/12/2016 0:00:00|22/12/2016 0:00:00|TIDAK|28/12/2016 0:00:00|TIDAK|10000|310003700|25|||
73|RENNI|ASL|110006392|15/12/2016 14:58:21|UB Elektronika Pertahanan|11616UD144|N10202614|PENGADAAN ICCS FOR BATTLE VEHICLE PDN TA 2016|ACCESSORIES; T50-6; T50-6	|2131|BU|IDR|38200|100|3820000|3820000|09/12/2016 0:00:00|05/01/2017 0:00:00|140001140|220001110|SP|BITRAS, CV.|100|IDR|36500|3650000|13/12/2016 0:00:00|22/12/2016 0:00:00|TIDAK|28/12/2016 0:00:00|TIDAK|170000|310003700|100|||
74|SASHA|DZK|110006391|15/12/2016 14:58:32|Direktorat Keuangan & SDM|NONE|N15105396|No Project|JS SUBKON; JASA KONSULTAN KEUANGAN “JASA ANALISA DAN KAJIAN KEUANGAN” TAHUN 2016, 2015 DAN 2014|2171|LOT|IDR|2E+08|1|2E+08|2E+08|09/12/2016 0:00:00|09/12/2016 0:00:00|130003777|210003599|SPK|MIKA TRIKARYA INDONESIA, PT.|1|IDR|200000000|200000000|30/12/2016 0:00:00|03/02/2017 0:00:00|TIDAK||TIDAK|0|||||
75|DADANG|LFI|110006390|14/12/2016 15:01:58|Unit Bisnis Energi & Transportasi|18115JN169|N15105397|PENGADAAN PESAWAT LATIH SAYAP TETAP SINGLE ENGINE 2015|JS SUBKON; KEGIATAN SUPPORTING PEMASANGAN 15 PESAWAT CESSNA DI BANDARA BUDIARTO|2151|LOT|IDR|6,925E+07|1|6,925E+07|6,925E+07|09/12/2016 0:00:00|09/02/2017 0:00:00|150001790|230001783|SPK|SILEN INDONESIA, PT.|1|IDR|69250000|69250000|19/12/2016 0:00:00|09/02/2017 0:00:00|TIDAK||TIDAK|0|||||
76|RENNI|ASL|110006389|15/12/2016 14:58:46|UB Elektronika Pertahanan|11614UD104|N10171212|STARSTREAK & ACCESSORIES PROJECT|SWITCH; SWITCH UNTUK TIS VIDEO DATA: GIGABIT SWITCH, 8 PORTS; AUTO - SENSING 10/100/1000 PORTS (IEEE 802.3 TYPE 10BASE-T, IEEE 802.3U TYPE 100BASE-TX, IEEE 802.3AB TYPE 1000BASE-T) AUTO-MDIX; DLL|B2200|UN|IDR|1600000|2|3200000|3200000|09/12/2016 0:00:00|30/12/2016 0:00:00|140001138|220001123|SPERJ|INTEK SARANA SEJAHTERA, PT.|2|IDR|1550000|3100000|07/12/2016 0:00:00|28/02/2017 0:00:00|TIDAK||TIDAK|100000|||||
77|RENNI|ASL|110006389|15/12/2016 14:58:46|UB Elektronika Pertahanan|11614UD104|N13105738|STARSTREAK & ACCESSORIES PROJECT|BRG JD ELEKTRIK; KMF CONSOLE; 62-3001-001-AMY	|B2200|UN|IDR|3,5E+07|2|7E+07|7E+07|09/12/2016 0:00:00|30/12/2016 0:00:00|140001138|220001123|SPERJ|INTEK SARANA SEJAHTERA, PT.|2|IDR|34000000|68000000|07/12/2016 0:00:00|28/02/2017 0:00:00|TIDAK||TIDAK|2000000|||||
78|RENNI|ASL|110006389|15/12/2016 14:58:46|UB Elektronika Pertahanan|11614UD104|N13105739|STARSTREAK & ACCESSORIES PROJECT|BRG JD ELEKTRIK; PROGRAMMABLE DISPLAY KEYS (PDK), PPC-L61T/6,5” PANEL PC; ADVANTECH|B2200|UN|IDR|2,4E+07|2|4,8E+07|4,8E+07|09/12/2016 0:00:00|30/12/2016 0:00:00|140001138|220001123|SPERJ|INTEK SARANA SEJAHTERA, PT.|2|IDR|23500000|47000000|07/12/2016 0:00:00|28/02/2017 0:00:00|TIDAK||TIDAK|1000000|||||
79|RENNI|ASL|110006389|15/12/2016 14:58:46|UB Elektronika Pertahanan|11614UD104|N13105772|STARSTREAK & ACCESSORIES PROJECT|BRG JD ELEKTRIK; VIDEO SERVER, VIVOTEK VS8801 8 CHANNEL	|B2200|UN|IDR|1,05E+07|1|1,05E+07|1,05E+07|09/12/2016 0:00:00|30/12/2016 0:00:00|140001138|220001123|SPERJ|INTEK SARANA SEJAHTERA, PT.|1|IDR|10300000|10300000|07/12/2016 0:00:00|28/02/2017 0:00:00|TIDAK||TIDAK|200000|||||
80|RENNI|ASL|110006389|15/12/2016 14:58:46|UB Elektronika Pertahanan|11614UD104|N10202609|STARSTREAK & ACCESSORIES PROJECT|ACCESSORIES; INDUSTRIAL FAN; KIPAS FAN PANEL UKURAN 12X12; AC-22|B2200|UN|IDR|185000|8|1480000|1480000|09/12/2016 0:00:00|30/12/2016 0:00:00|140001138|220001123|SPERJ|INTEK SARANA SEJAHTERA, PT.|8|IDR|180000|1440000|07/12/2016 0:00:00|28/02/2017 0:00:00|TIDAK||TIDAK|40000|||||
81|RENNI|ASL|110006389|15/12/2016 14:58:46|UB Elektronika Pertahanan|11614UD104|N10202611|STARSTREAK & ACCESSORIES PROJECT|ACCESSORIES; MCB 2A DAN 6A SCHEIDER	|B2200|UN|IDR|75000|4|300000|300000|09/12/2016 0:00:00|30/12/2016 0:00:00|140001138|220001123|SPERJ|INTEK SARANA SEJAHTERA, PT.|4|IDR|72500|290000|07/12/2016 0:00:00|28/02/2017 0:00:00|TIDAK||TIDAK|10000|||||
82|RENNI|ASL|110006389|15/12/2016 14:58:46|UB Elektronika Pertahanan|11614UD104|N10180683|STARSTREAK & ACCESSORIES PROJECT|LAMPU/LED; LAMPU LED INTERNAL KONSOL, LX-ECO3S W12K, NC LED	|B2200|UN|IDR|200000|2|400000|400000|09/12/2016 0:00:00|30/12/2016 0:00:00|140001138|220001123|SPERJ|INTEK SARANA SEJAHTERA, PT.|2|IDR|195000|390000|07/12/2016 0:00:00|28/02/2017 0:00:00|TIDAK||TIDAK|10000|||||
83|RENNI|ASL|110006389|15/12/2016 14:58:46|UB Elektronika Pertahanan|11614UD104|N13105742|STARSTREAK & ACCESSORIES PROJECT|BRG JD ELEKTRIK; IRAD COMPUTER: CPU RACK 19” INTEL CORE I7, RAM 16GB, HDD 500GB, 3LAN PORTS GIGABIT, NVIDIA GRAPHIC CARD, FEDORA 21 64-BIT, OPTICAL DRIVE, CASSING 4U, MONITOR 32” MOUSE & KEYBOARDS|B2200|UN|IDR|5,2E+07|2|1,04E+08|1,04E+08|09/12/2016 0:00:00|30/12/2016 0:00:00|140001138|220001123|SPERJ|INTEK SARANA SEJAHTERA, PT.|2|IDR|50750000|101500000|07/12/2016 0:00:00|28/02/2017 0:00:00|TIDAK||TIDAK|2500000|||||
84|RENNI|ASL|110006389|15/12/2016 14:58:46|UB Elektronika Pertahanan|11614UD104|N13114771|STARSTREAK & ACCESSORIES PROJECT|BRG JD MEKANIK; 42U DEPTH 1100, AKSESORIES, NIRAX - FOB BANDUNG|B2200|UN|IDR|1,2E+07|1|1,2E+07|1,2E+07|09/12/2016 0:00:00|30/12/2016 0:00:00|140001138|220001123|SPERJ|INTEK SARANA SEJAHTERA, PT.|1|IDR|11750000|11750000|07/12/2016 0:00:00|28/02/2017 0:00:00|TIDAK||TIDAK|250000|||||
85|RENNI|ASL|110006389|15/12/2016 14:58:46|UB Elektronika Pertahanan|11614UD104|N10171210|STARSTREAK & ACCESSORIES PROJECT|SWITCH; SWITCH UNTUK XML RPC, GIGABIT SWITCH, 16 PORTS; 16 X GIGABIT ETHERNET PORT. MEMORY AND PROCESSOR : 1MB FLASH, PACKE BUFFER SIZE : 512KB; DLL|B2200|UN|IDR|3500000|1|3500000|3500000|09/12/2016 0:00:00|30/12/2016 0:00:00|140001138|220001123|SPERJ|INTEK SARANA SEJAHTERA, PT.|1|IDR|3450000|3450000|07/12/2016 0:00:00|28/02/2017 0:00:00|TIDAK||TIDAK|50000|||||
86|RENNI|ASL|110006389|15/12/2016 14:58:46|UB Elektronika Pertahanan|11614UD104|N27110407|STARSTREAK & ACCESSORIES PROJECT|KEYBOARD; KEYBOARD, IKEY SLP-101|B2200|BH|IDR|8750000|2|1,75E+07|1,75E+07|09/12/2016 0:00:00|30/12/2016 0:00:00|140001138|220001123|SPERJ|INTEK SARANA SEJAHTERA, PT.|2|IDR|7600000|15200000|07/12/2016 0:00:00|28/02/2017 0:00:00|TIDAK||TIDAK|2300000|||||
87|RENNI|ASL|110006389|15/12/2016 14:58:46|UB Elektronika Pertahanan|11614UD104|N13105493|STARSTREAK & ACCESSORIES PROJECT|BRG JD ELEKTRIK; TRACK BALL; R2007N30V00-B, USB & ILLUMINATED, MOUTING POSITION: LEVEL TO 90 DEGREES, RESOLUTION: 480, POWER REQUIREMENT: 5VOLT REGULATED, ILLUMINATION: BLUE, OTHER OPTION: USB CAB|B2200|UN|IDR|8100000|2|1,62E+07|1,62E+07|09/12/2016 0:00:00|30/12/2016 0:00:00|140001138|220001123|SPERJ|INTEK SARANA SEJAHTERA, PT.|2|IDR|8100000|16200000|07/12/2016 0:00:00|28/02/2017 0:00:00|TIDAK||TIDAK|0|||||
88|RENNI|ASL|110006389|15/12/2016 14:58:46|UB Elektronika Pertahanan|11614UD104|N13105774|STARSTREAK & ACCESSORIES PROJECT|BRG JD ELEKTRIK; DC POWER SUPPLY; MEANWELL 12VDC|B2200|UN|IDR|1300000|2|2600000|2600000|09/12/2016 0:00:00|30/12/2016 0:00:00|140001138|220001123|SPERJ|INTEK SARANA SEJAHTERA, PT.|2|IDR|1275000|2550000|07/12/2016 0:00:00|28/02/2017 0:00:00|TIDAK||TIDAK|50000|||||
89|RENNI|ASL|110006389|15/12/2016 14:58:46|UB Elektronika Pertahanan|11614UD104|N10180684|STARSTREAK & ACCESSORIES PROJECT|LAMPU/LED; LAMP INDICATOR; PILOT LAMP XB7 SCHNEIDER; DIAMETER 22MM MONOLITIK IP65	|B2200|UN|IDR|60000|4|240000|240000|09/12/2016 0:00:00|30/12/2016 0:00:00|140001138|220001123|SPERJ|INTEK SARANA SEJAHTERA, PT.|4|IDR|58500|234000|07/12/2016 0:00:00|28/02/2017 0:00:00|TIDAK||TIDAK|6000|||||
90|RENNI|ASL|110006389|15/12/2016 14:58:46|UB Elektronika Pertahanan|11614UD104|N13102089|STARSTREAK & ACCESSORIES PROJECT|BARANG JADI ELEKTRONIK/ELEKTRIK; ADAM-6052	|B2200|BH|IDR|2822501|2|5645002|5645002|09/12/2016 0:00:00|30/12/2016 0:00:00|140001138|220001123|SPERJ|INTEK SARANA SEJAHTERA, PT.|2|IDR|3500000|7000000|07/12/2016 0:00:00|28/02/2017 0:00:00|TIDAK||TIDAK|-1354998|||||
91|RENNI|ASL|110006389|15/12/2016 14:58:46|UB Elektronika Pertahanan|11614UD104|N13105743|STARSTREAK & ACCESSORIES PROJECT|BRG JD ELEKTRIK; SPX SERVER COMPUTER: CPU RACK 19”, INTEL CORE I7, RAM 16GB, HDD 500GB, 3 LAN PORTS GIGABIT, NVIDIA GRAPHIC CARD, FEDORA 21 64-BIT, OPTICAL DRIVE, CASSING 4U, MONITOR 32” MOUSE&KEYBOARDS|B2200|UN|IDR|5,2E+07|2|1,04E+08|1,04E+08|09/12/2016 0:00:00|30/12/2016 0:00:00|140001138|220001123|SPERJ|INTEK SARANA SEJAHTERA, PT.|2|IDR|50750000|101500000|07/12/2016 0:00:00|28/02/2017 0:00:00|TIDAK||TIDAK|2500000|||||
92|RENNI|ASL|110006389|15/12/2016 14:58:46|UB Elektronika Pertahanan|11614UD104|N10171211|STARSTREAK & ACCESSORIES PROJECT|SWITCH; SWITCH UNTUK TIS OPENSPLICE DATA: GIGABIT SWITCH, 8 PORTS; AUTO - SENSING 10/100/1000 PORTS (IEEE 802.3 TYPE 10BASE-T, IEEE 802.3U TYPE 100BASE-TX, IEEE 802.3AB TYPE 1000BASE-T) AUTO-MDIX; DLL|B2200|UN|IDR|1600000|2|3200000|3200000|09/12/2016 0:00:00|30/12/2016 0:00:00|140001138|220001123|SPERJ|INTEK SARANA SEJAHTERA, PT.|2|IDR|1550000|3100000|07/12/2016 0:00:00|28/02/2017 0:00:00|TIDAK||TIDAK|100000|||||
93|RENNI|ASL|110006389|15/12/2016 14:58:46|UB Elektronika Pertahanan|11614UD104|N10171213|STARSTREAK & ACCESSORIES PROJECT|SWITCH; DVI SWITCH 4 PORTS INPUT, 1 PORT OUTPUT, ATEN CS1308; 1 PORT USB/PS/2 CONSOLE; 8 PORT USB/PS/2 COMPUTERS; SUPPORT CASCADABLE UP TO 2 LEVELS|B2200|UN|IDR|7200000|1|7200000|7200000|09/12/2016 0:00:00|30/12/2016 0:00:00|140001138|220001123|SPERJ|INTEK SARANA SEJAHTERA, PT.|1|IDR|7050000|7050000|07/12/2016 0:00:00|28/02/2017 0:00:00|TIDAK||TIDAK|150000|||||
94|RENNI|ASL|110006389|15/12/2016 14:58:46|UB Elektronika Pertahanan|11614UD104|N13104700|STARSTREAK & ACCESSORIES PROJECT|BRG JD ELEKTRIK; W30L100-CHL1 ; 30" INDUSTRIAL CHASSIS LCD (LED)	|B2200|BU|IDR|3,31693E+07|2|6,63386E+07|6,63386E+07|09/12/2016 0:00:00|30/12/2016 0:00:00|140001138|220001123|SPERJ|INTEK SARANA SEJAHTERA, PT.|2|IDR|36900000|73800000|07/12/2016 0:00:00|28/02/2017 0:00:00|TIDAK||TIDAK|-7461404|||||
95|RENNI|ASL|110006389|15/12/2016 14:58:46|UB Elektronika Pertahanan|11614UD104|N13104792|STARSTREAK & ACCESSORIES PROJECT|BRG JD ELEKTRIK; CPU HP Z840, WORKSTATION INTEL XEON E5-2609V3 PROCESSOR 8GB DDR4|B2200|UN|IDR|4,36E+07|2|8,72E+07|8,72E+07|09/12/2016 0:00:00|30/12/2016 0:00:00|140001138|220001123|SPERJ|INTEK SARANA SEJAHTERA, PT.|2|IDR|38750000|77500000|07/12/2016 0:00:00|28/02/2017 0:00:00|TIDAK||TIDAK|9700000|||||
96|RENNI|ASL|110006389|15/12/2016 14:58:46|UB Elektronika Pertahanan|11614UD104|N13105740|STARSTREAK & ACCESSORIES PROJECT|BRG JD ELEKTRIK; INDUSTRIAL ETHERNET SWITCH-EKI-2525/I|B2200|UN|IDR|3400000|2|6800000|6800000|09/12/2016 0:00:00|30/12/2016 0:00:00|140001138|220001123|SPERJ|INTEK SARANA SEJAHTERA, PT.|2|IDR|3300000|6600000|07/12/2016 0:00:00|28/02/2017 0:00:00|TIDAK||TIDAK|200000|||||
97|RENNI|ASL|110006389|15/12/2016 14:58:46|UB Elektronika Pertahanan|11614UD104|N10202610|STARSTREAK & ACCESSORIES PROJECT|ACCESSORIES; ETHERNET CONNECTOR, RJT TV, AMPHENOL; TYPE RJTV28A1N|B2200|UN|IDR|1525000|4|6100000|6100000|09/12/2016 0:00:00|30/12/2016 0:00:00|140001138|220001123|SPERJ|INTEK SARANA SEJAHTERA, PT.|4|IDR|1475000|5900000|07/12/2016 0:00:00|28/02/2017 0:00:00|TIDAK||TIDAK|200000|||||
98|RENNI|ASL|110006389|15/12/2016 14:58:46|UB Elektronika Pertahanan|11614UD104|N10202606|STARSTREAK & ACCESSORIES PROJECT|ACCESSORIES; 2/4-PORT DVI ATAU HDMI SPLITTER WITH AUDIO, ATEN (VS0401)|B2200|UN|IDR|1900000|2|3800000|3800000|09/12/2016 0:00:00|30/12/2016 0:00:00|140001138|220001123|SPERJ|INTEK SARANA SEJAHTERA, PT.|2|IDR|1850000|3700000|07/12/2016 0:00:00|28/02/2017 0:00:00|TIDAK||TIDAK|100000|||||
99|RENNI|ASL|110006389|15/12/2016 14:58:46|UB Elektronika Pertahanan|11614UD104|N13105741|STARSTREAK & ACCESSORIES PROJECT|BRG JD ELEKTRIK; INSTRUCTOR COMPUTER; CPU RACK 19”: INTEL CORE I7, RAM 16GB, HDD 1TB, 3LAN PORTS GIGABIT, NVIDIA GRAPHICS CARD, WINDOWS 7 64-BIT, VMWARE WORKSTATION, WINDOWS SERVER-2012,CASSING 4U, OPTICAL DRIVE, MONITOR 32 INCH, MOUSE & KEYBOARD|B2200|UN|IDR|7,575E+07|2|1,515E+08|1,515E+08|09/12/2016 0:00:00|30/12/2016 0:00:00|140001138|220001123|SPERJ|INTEK SARANA SEJAHTERA, PT.|2|IDR|73750000|147500000|07/12/2016 0:00:00|28/02/2017 0:00:00|TIDAK||TIDAK|4000000|||||
100|RENNI|ASL|110006389|15/12/2016 14:58:46|UB Elektronika Pertahanan|11614UD104|N27110406|STARSTREAK & ACCESSORIES PROJECT|	MOUSE; JOYSTICK, CH PRODUCTS / FG-1M112A2A-2306, OVAL	|B2200|BH|IDR|1,267875E+07|2|2,53575E+07|2,53575E+07|09/12/2016 0:00:00|30/12/2016 0:00:00|140001138|220001123|SPERJ|INTEK SARANA SEJAHTERA, PT.|2|IDR|13500000|27000000|07/12/2016 0:00:00|28/02/2017 0:00:00|TIDAK||TIDAK|-1642500|||||
101|RENNI|ASL|110006389|15/12/2016 14:58:46|UB Elektronika Pertahanan|11614UD104|N13105773|STARSTREAK & ACCESSORIES PROJECT|BRG JD ELEKTRIK; UPS APC SMC 1500I-2U, LINE-INTERACTIVE, UPS 1500VA/900W,230V, SINGLE PHASE, USB LCD|B2200|UN|IDR|7200000|2|1,44E+07|1,44E+07|09/12/2016 0:00:00|30/12/2016 0:00:00|140001138|220001123|SPERJ|INTEK SARANA SEJAHTERA, PT.|2|IDR|7050000|14100000|07/12/2016 0:00:00|28/02/2017 0:00:00|TIDAK||TIDAK|300000|||||
102|RENNI|ASL|110006389|15/12/2016 14:58:46|UB Elektronika Pertahanan|11614UD104|N13105775|STARSTREAK & ACCESSORIES PROJECT|BRG JD ELEKTRIK; DC POWER SUPPLY; MEANWELL 24VDC	|B2200|UN|IDR|1500000|2|3000000|3000000|09/12/2016 0:00:00|30/12/2016 0:00:00|140001138|220001123|SPERJ|INTEK SARANA SEJAHTERA, PT.|2|IDR|1475000|2950000|07/12/2016 0:00:00|28/02/2017 0:00:00|TIDAK||TIDAK|50000|||||
103|RENNI|ASL|110006389|15/12/2016 14:58:46|UB Elektronika Pertahanan|11614UD104|N10171209|STARSTREAK & ACCESSORIES PROJECT|SWITCH; PROTECTED KEY (PK)-SWITCH IDEC / ALH6H-MP14P-G 24 VOLT AC/DC SPDT MOMENTARY IP65 GREEN, SWITCH GUARD|B2200|UN|IDR|1400000|8|1,12E+07|1,12E+07|09/12/2016 0:00:00|30/12/2016 0:00:00|140001138|220001123|SPERJ|INTEK SARANA SEJAHTERA, PT.|8|IDR|1365000|10920000|07/12/2016 0:00:00|28/02/2017 0:00:00|TIDAK||TIDAK|280000|||||
104|RENNI|ASL|110006389|15/12/2016 14:58:46|UB Elektronika Pertahanan|11614UD104|N13105744|STARSTREAK & ACCESSORIES PROJECT|BRG JD ELEKTRIK; KOMPUTER TIS; CPU RACK 19”: INTEL CORE I7, RAM 16GB, HDD 500GB, 3 LAN PORTS GIGABIT, NVIDIA GRAPHICS CARD, FEDORA 21 64-BIT, OPTICAL DRIVE, CASSING 4U, MONITOR 32”,MOUSE&KEYBOARDS|B2200|UN|IDR|5,2E+07|2|1,04E+08|1,04E+08|09/12/2016 0:00:00|30/12/2016 0:00:00|140001138|220001123|SPERJ|INTEK SARANA SEJAHTERA, PT.|2|IDR|50750000|101500000|07/12/2016 0:00:00|28/02/2017 0:00:00|TIDAK||TIDAK|2500000|||||
105|RENNI|ASL|110006389|15/12/2016 14:58:46|UB Elektronika Pertahanan|11614UD104|N13105776|STARSTREAK & ACCESSORIES PROJECT|BRG JD ELEKTRIK; 28. KVM SWITCH/ATEN DVI FULL HD LCD CONSOLE CL6700MW ATEN DVI FULL HD LCD CONSOLE - USB DVI/VGA/HDMI SINGLE RAIL SLIDEAWAY 17.3" WIDESCREEN|B2200|UN|IDR|2,7E+07|1|2,7E+07|2,7E+07|09/12/2016 0:00:00|30/12/2016 0:00:00|140001138|220001123|SPERJ|INTEK SARANA SEJAHTERA, PT.|1|IDR|26250000|26250000|07/12/2016 0:00:00|28/02/2017 0:00:00|TIDAK||TIDAK|750000|||||
106|RENNI|ASL|110006389|15/12/2016 14:58:46|UB Elektronika Pertahanan|11614UD104|N13105745|STARSTREAK & ACCESSORIES PROJECT|BRG JD ELEKTRIK; CINEMA SIMULATOR BOOT: MOTORIZED PROJECTOR 150”, PROJECTOR CINEMA FHD, KURSI 12 UNIT, 1 SET COMPUTER (INTEL CORE I7, RAM 16GB, HDD 500GB, 3LAN PORTS GIGABIT, NVIDIA GRAPHICS CARD, FEDORA 21 64-BIT, OPTICAL DRIVE,CASSING 4U, MONITOR) DLL|B2200|UN|IDR|3,55E+08|1|3,55E+08|3,55E+08|09/12/2016 0:00:00|30/12/2016 0:00:00|140001138|220001123|SPERJ|INTEK SARANA SEJAHTERA, PT.|1|IDR|345000000|345000000|07/12/2016 0:00:00|28/02/2017 0:00:00|TIDAK||TIDAK|10000000|||||
107|RENNI|ASL|110006388|13/12/2016 16:04:45|UB Elektronika Pertahanan|11614UD104|N13105753|STARSTREAK & ACCESSORIES PROJECT|BRG JD ELEKTRIK; MATINGTV07RW13-35PA(W52)|2131|BU|IDR|598000|3|1794000|1794000|09/12/2016 0:00:00|11/01/2017 0:00:00|140001133|220001108|SPK|BITRAS, CV.|3|IDR|570000|1710000|07/12/2016 0:00:00|01/03/2017 0:00:00|TIDAK||TIDAK|84000|||||
108|RENNI|ASL|110006388|13/12/2016 16:04:45|UB Elektronika Pertahanan|11614UD104|N13105755|STARSTREAK & ACCESSORIES PROJECT|BRG JD ELEKTRIK; MATINGTV07RW15-35P(W52)	|2131|BU|IDR|590000|3|1770000|1770000|09/12/2016 0:00:00|11/01/2017 0:00:00|140001133|220001108|SPK|BITRAS, CV.|3|IDR|564000|1692000|07/12/2016 0:00:00|01/03/2017 0:00:00|TIDAK||TIDAK|78000|||||
109|RENNI|ASL|110006388|13/12/2016 16:04:45|UB Elektronika Pertahanan|11614UD104|N13105760|STARSTREAK & ACCESSORIES PROJECT|BRG JD ELEKTRIK; MATINGTV07RW21-75S(W52)	|2131|BU|IDR|3535000|3|1,0605E+07|1,0605E+07|09/12/2016 0:00:00|11/01/2017 0:00:00|140001133|220001108|SPK|BITRAS, CV.|3|IDR|3358000|10074000|07/12/2016 0:00:00|01/03/2017 0:00:00|TIDAK||TIDAK|531000|||||
110|RENNI|ASL|110006388|13/12/2016 16:04:45|UB Elektronika Pertahanan|11614UD104|N13105765|STARSTREAK & ACCESSORIES PROJECT|BRG JD ELEKTRIK; MATINGTV07RW25-37PA(W52)	|2131|BU|IDR|1760000|3|5280000|5280000|09/12/2016 0:00:00|11/01/2017 0:00:00|140001133|220001108|SPK|BITRAS, CV.|3|IDR|1680000|5040000|07/12/2016 0:00:00|01/03/2017 0:00:00|TIDAK||TIDAK|240000|||||
111|RENNI|ASL|110006388|13/12/2016 16:04:45|UB Elektronika Pertahanan|11614UD104|N10162816|STARSTREAK & ACCESSORIES PROJECT|CONNECTOR; MILITARY CONNECTOR IGE8E28H15-16FNBZLF06N286	|2131|BU|IDR|1,9E+07|4|7,6E+07|7,6E+07|09/12/2016 0:00:00|11/01/2017 0:00:00|140001133|220001108|SPK|BITRAS, CV.|4|IDR|18300000|73200000|07/12/2016 0:00:00|01/03/2017 0:00:00|TIDAK||TIDAK|2800000|||||
112|RENNI|ASL|110006388|13/12/2016 16:04:45|UB Elektronika Pertahanan|11614UD104|N13105751|STARSTREAK & ACCESSORIES PROJECT|BRG JD ELEKTRIK; MATINGTV07RW11-35S(W52)	|2131|BU|IDR|477200|3|1431600|1431600|09/12/2016 0:00:00|11/01/2017 0:00:00|140001133|220001108|SPK|BITRAS, CV.|3|IDR|453000|1359000|07/12/2016 0:00:00|01/03/2017 0:00:00|TIDAK||TIDAK|72600|||||
113|RENNI|ASL|110006388|13/12/2016 16:04:45|UB Elektronika Pertahanan|11614UD104|N13105756|STARSTREAK & ACCESSORIES PROJECT|BRG JD ELEKTRIK; MATING TV07RW17-06P(W52)|2131|BU|IDR|588000|3|1764000|1764000|09/12/2016 0:00:00|11/01/2017 0:00:00|140001133|220001108|SPK|BITRAS, CV.|3|IDR|558000|1674000|07/12/2016 0:00:00|01/03/2017 0:00:00|TIDAK||TIDAK|90000|||||
114|RENNI|ASL|110006388|13/12/2016 16:04:45|UB Elektronika Pertahanan|11614UD104|N13105758|STARSTREAK & ACCESSORIES PROJECT|BRG JD ELEKTRIK; MATINGTV07RW17-06S(W52)|2131|BU|IDR|692000|5|3460000|3460000|09/12/2016 0:00:00|11/01/2017 0:00:00|140001133|220001108|SPK|BITRAS, CV.|5|IDR|663000|3315000|07/12/2016 0:00:00|01/03/2017 0:00:00|TIDAK||TIDAK|145000|||||
115|RENNI|ASL|110006388|13/12/2016 16:04:45|UB Elektronika Pertahanan|11614UD104|N13105763|STARSTREAK & ACCESSORIES PROJECT|BRG JD ELEKTRIK; MATINGTV07RW25-07S(W52)|2131|BU|IDR|2990000|5|1,495E+07|1,495E+07|09/12/2016 0:00:00|11/01/2017 0:00:00|140001133|220001108|SPK|BITRAS, CV.|5|IDR|2870000|14350000|07/12/2016 0:00:00|01/03/2017 0:00:00|TIDAK||TIDAK|600000|||||
116|RENNI|ASL|110006388|13/12/2016 16:04:45|UB Elektronika Pertahanan|11614UD104|N13105754|STARSTREAK & ACCESSORIES PROJECT|BRG JD ELEKTRIK; MATING D38999/26ZC35PN|2131|BU|IDR|830000|5|4150000|4150000|09/12/2016 0:00:00|11/01/2017 0:00:00|140001133|220001108|SPK|BITRAS, CV.|5|IDR|793000|3965000|07/12/2016 0:00:00|01/03/2017 0:00:00|TIDAK||TIDAK|185000|||||
117|RENNI|ASL|110006388|13/12/2016 16:04:45|UB Elektronika Pertahanan|11614UD104|N13105759|STARSTREAK & ACCESSORIES PROJECT|BRG JD ELEKTRIK; MATINGTV07RW17-22P(W52)	|2131|BU|IDR|4320000|3|1,296E+07|1,296E+07|09/12/2016 0:00:00|11/01/2017 0:00:00|140001133|220001108|SPK|BITRAS, CV.|3|IDR|4145000|12435000|07/12/2016 0:00:00|01/03/2017 0:00:00|TIDAK||TIDAK|525000|||||
118|RENNI|ASL|110006388|13/12/2016 16:04:45|UB Elektronika Pertahanan|11614UD104|N13105761|STARSTREAK & ACCESSORIES PROJECT|BRG JD ELEKTRIK; MATINGTV07RW23-06S(W52)	|2131|BU|IDR|2345000|3|7035000|7035000|09/12/2016 0:00:00|11/01/2017 0:00:00|140001133|220001108|SPK|BITRAS, CV.|3|IDR|2225000|6675000|07/12/2016 0:00:00|01/03/2017 0:00:00|TIDAK||TIDAK|360000|||||
119|RENNI|ASL|110006388|13/12/2016 16:04:45|UB Elektronika Pertahanan|11614UD104|N13105766|STARSTREAK & ACCESSORIES PROJECT|BRG JD ELEKTRIK; MATING DE9S-A197	|2131|BU|IDR|53000|3|159000|159000|09/12/2016 0:00:00|11/01/2017 0:00:00|140001133|220001108|SPK|BITRAS, CV.|3|IDR|49500|148500|07/12/2016 0:00:00|01/03/2017 0:00:00|TIDAK||TIDAK|10500|||||
120|RENNI|ASL|110006388|13/12/2016 16:04:45|UB Elektronika Pertahanan|11614UD104|N13105788|STARSTREAK & ACCESSORIES PROJECT|BRG JD ELEKTRIK; MATING TV07RW13-35P(W52)	|2131|BU|IDR|495000|3|1485000|1485000|09/12/2016 0:00:00|11/01/2017 0:00:00|140001133|220001108|SPK|BITRAS, CV.|3|IDR|473000|1419000|07/12/2016 0:00:00|01/03/2017 0:00:00|TIDAK||TIDAK|66000|||||
121|RENNI|ASL|110006388|13/12/2016 16:04:45|UB Elektronika Pertahanan|11614UD104|N13105749|STARSTREAK & ACCESSORIES PROJECT|BRG JD ELEKTRIK; MATINGTV07RW11-35P(W52)	|2131|BU|IDR|451350|5|2256750|2256750|09/12/2016 0:00:00|11/01/2017 0:00:00|140001133|220001108|SPK|BITRAS, CV.|5|IDR|430000|2150000|07/12/2016 0:00:00|01/03/2017 0:00:00|TIDAK||TIDAK|106750|||||
122|RENNI|ASL|110006388|13/12/2016 16:04:45|UB Elektronika Pertahanan|11614UD104|N13105757|STARSTREAK & ACCESSORIES PROJECT|BRG JD ELEKTRIK; MATINGTV07RW17-06SA(W52)	|2131|BU|IDR|820000|3|2460000|2460000|09/12/2016 0:00:00|11/01/2017 0:00:00|140001133|220001108|SPK|BITRAS, CV.|3|IDR|784000|2352000|07/12/2016 0:00:00|01/03/2017 0:00:00|TIDAK||TIDAK|108000|||||
123|RENNI|ASL|110006388|13/12/2016 16:04:45|UB Elektronika Pertahanan|11614UD104|N13105762|STARSTREAK & ACCESSORIES PROJECT|BRG JD ELEKTRIK; MATINGTV07RW25-07P(W52)|2131|BU|IDR|3260000|3|9780000|9780000|09/12/2016 0:00:00|11/01/2017 0:00:00|140001133|220001108|SPK|BITRAS, CV.|3|IDR|3097000|9291000|07/12/2016 0:00:00|01/03/2017 0:00:00|TIDAK||TIDAK|489000|||||
124|RENNI|ASL|110006388|13/12/2016 16:04:45|UB Elektronika Pertahanan|11614UD104|N13105764|STARSTREAK & ACCESSORIES PROJECT|BRG JD ELEKTRIK; MATINGTV07RW25-08PN(W52)|2131|BU|IDR|8900000|3|2,67E+07|2,67E+07|09/12/2016 0:00:00|11/01/2017 0:00:00|140001133|220001108|SPK|BITRAS, CV.|3|IDR|8600000|25800000|07/12/2016 0:00:00|01/03/2017 0:00:00|TIDAK||TIDAK|900000|||||
125|RENNI|ASL|110006388|13/12/2016 16:04:45|UB Elektronika Pertahanan|11614UD104|N13105752|STARSTREAK & ACCESSORIES PROJECT|BRG JD ELEKTRIK; MATINGTV07RW13-04S(W52)|2131|BU|IDR|675000|3|2025000|2025000|09/12/2016 0:00:00|11/01/2017 0:00:00|140001133|220001108|SPK|BITRAS, CV.|3|IDR|648000|1944000|07/12/2016 0:00:00|01/03/2017 0:00:00|TIDAK||TIDAK|81000|||||
126|RENNI|ASL|110006388|13/12/2016 16:04:45|UB Elektronika Pertahanan|11614UD104|N13105750|STARSTREAK & ACCESSORIES PROJECT|BRG JD ELEKTRIK; MATINGTV07RW11-35SA(W52)	|2131|BU|IDR|579000|3|1737000|1737000|09/12/2016 0:00:00|11/01/2017 0:00:00|140001133|220001108|SPK|BITRAS, CV.|3|IDR|550000|1650000|07/12/2016 0:00:00|01/03/2017 0:00:00|TIDAK||TIDAK|87000|||||
127|RENNI|ASL|110006388|13/12/2016 16:04:45|UB Elektronika Pertahanan|11614UD104|N13105789|STARSTREAK & ACCESSORIES PROJECT|BRG JD ELEKTRIK; MATING TV07RW13-35S(W52)|2131|BU|IDR|495000|3|1485000|1485000|09/12/2016 0:00:00|11/01/2017 0:00:00|140001133|220001108|SPK|BITRAS, CV.|3|IDR|473000|1419000|07/12/2016 0:00:00|01/03/2017 0:00:00|TIDAK||TIDAK|66000|||||
128|RENNI|ASL|110006387|13/12/2016 16:05:02|UB Elektronika Pertahanan|11614UD104|N13104702|STARSTREAK & ACCESSORIES PROJECT|BRG JD ELEKTRIK; SMOKE ABSORBER HAKKO FA-400|2131|BU|IDR|2300000|3|6900000|6900000|09/12/2016 0:00:00|06/12/2016 0:00:00|140001137|0|||3||||||TIDAK||TIDAK||||||
129|RENNI|ASL|110006387|13/12/2016 16:05:02|UB Elektronika Pertahanan|11614UD104|N14111757|STARSTREAK & ACCESSORIES PROJECT|TOOLS MEKANIK; MAGNIFYING LAMP DEKKO ML633L	|2131|BU|IDR|800000|6|4800000|4800000|09/12/2016 0:00:00|06/12/2016 0:00:00|140001137|0|||6||||||TIDAK||TIDAK||||||
130|RENNI|ASL|110006387|13/12/2016 16:05:02|UB Elektronika Pertahanan|11614UD104|N10202608|STARSTREAK & ACCESSORIES PROJECT|ACCESSORIES; STEINEL HEAT GUN NOZZLE 9MM REDUCER|2131|BU|IDR|820000|4|3280000|3280000|09/12/2016 0:00:00|04/12/2016 0:00:00|140001137|0|||4||||||TIDAK||TIDAK||||||
131|RENNI|ASL|110006387|13/12/2016 16:05:02|UB Elektronika Pertahanan|11614UD104|N20120123|STARSTREAK & ACCESSORIES PROJECT|ALAT KANTOR LAIN2; KRISBOW STORAGE BIN 100X160X74MM BLUE/RED/YELLOW|2131|BU|IDR|32000|100|3200000|3200000|09/12/2016 0:00:00|06/12/2016 0:00:00|140001137|0|||100||||||TIDAK||TIDAK||||||
132|RENNI|ASL|110006387|13/12/2016 16:05:02|UB Elektronika Pertahanan|11614UD104|N14100242|STARSTREAK & ACCESSORIES PROJECT|TOOLS ELEKTRONIK/ELEKTRIK; WIRE STRIPPER, NO.3000B, VESSEL|2131|UN|IDR|625000|3|1875000|1875000|09/12/2016 0:00:00|06/12/2016 0:00:00|140001137|0|||3||||||TIDAK||TIDAK||||||
133|RENNI|ASL|110006387|13/12/2016 16:05:02|UB Elektronika Pertahanan|11614UD104|N14111756|STARSTREAK & ACCESSORIES PROJECT|TOOLS MEKANIK; IDEAL 45-098 STRIPMASTER|2131|BU|IDR|1600000|4|6400000|6400000|09/12/2016 0:00:00|06/12/2016 0:00:00|140001137|0|||4||||||TIDAK||TIDAK||||||
134|RENNI|ASL|110006387|13/12/2016 16:05:02|UB Elektronika Pertahanan|11614UD104|N20120125|STARSTREAK & ACCESSORIES PROJECT|LEMARI ARSIP; FILLING CABINET (LEMARI ARSIP) LION L.44E	|2131|BU|IDR|1010000|3|3030000|3030000|09/12/2016 0:00:00|06/12/2016 0:00:00|140001137|0|||3||||||TIDAK||TIDAK||||||
135|RENNI|ASL|110006387|13/12/2016 16:05:02|UB Elektronika Pertahanan|11614UD104|N14111754|STARSTREAK & ACCESSORIES PROJECT|TOOLS MEKANIK; IPS SOFT-TOUCH WIDE 270MM WL-2705|2131|BU|IDR|2400000|4|9600000|9600000|09/12/2016 0:00:00|06/12/2016 0:00:00|140001137|0|||4||||||TIDAK||TIDAK||||||
136|RENNI|ASL|110006387|13/12/2016 16:05:02|UB Elektronika Pertahanan|11614UD104|N14111755|STARSTREAK & ACCESSORIES PROJECT|TOOLS MEKANIK; IDEAL 45-092 STRIPMASTER	|2131|BU|IDR|1450000|2|2900000|2900000|09/12/2016 0:00:00|06/12/2016 0:00:00|140001137|0|||2||||||TIDAK||TIDAK||||||
137|RENNI|ASL|110006387|13/12/2016 16:05:02|UB Elektronika Pertahanan|11614UD104|N20120124|STARSTREAK & ACCESSORIES PROJECT|ALAT KANTOR LAIN2; KRISBOW STORAGE BIN 150X240X124MM BLUE/RED/YELLOW|2131|BU|IDR|60000|50|3000000|3000000|09/12/2016 0:00:00|06/12/2016 0:00:00|140001137|0|||50||||||TIDAK||TIDAK||||||
138|RENNI|ASL|110006387|13/12/2016 16:05:02|UB Elektronika Pertahanan|11614UD104|N14100456|STARSTREAK & ACCESSORIES PROJECT|TOOLS ELEKTRIK; HFX888D-1133C(BY) HAKKO SOLDERING STATION 70W/ 230V|2131|SET|IDR|3750000|3|1,125E+07|1,125E+07|09/12/2016 0:00:00|06/12/2016 0:00:00|140001137|0|||3||||||TIDAK||TIDAK||||||
139|RENNI|ASL|110006387|13/12/2016 16:05:02|UB Elektronika Pertahanan|11614UD104|N14100538|STARSTREAK & ACCESSORIES PROJECT|TOOLS ELEKTRIK; WIRE STRIPPER, NO.3000A, VESSEL|2131|UN|IDR|625000|3|1875000|1875000|09/12/2016 0:00:00|06/12/2016 0:00:00|140001137|0|||3||||||TIDAK||TIDAK||||||
140|RENNI|ASL|110006387|13/12/2016 16:05:02|UB Elektronika Pertahanan|11614UD104|N10202607|STARSTREAK & ACCESSORIES PROJECT|ACCESSORIES; STEINEL HEAT GUN NOZZLE 14MM REFLECTOR	|2131|BU|IDR|820000|4|3280000|3280000|09/12/2016 0:00:00|06/12/2016 0:00:00|140001137|0|||4||||||TIDAK||TIDAK||||||
141|RENNI|ASL|110006387|13/12/2016 16:05:02|UB Elektronika Pertahanan|11614UD104|N14100539|STARSTREAK & ACCESSORIES PROJECT|TOOLS ELEKTRIK; BOSCH HG040 NOZZLE/REFLECTOR|2131|BU|IDR|530000|5|2650000|2650000|09/12/2016 0:00:00|06/12/2016 0:00:00|140001137|0|||5||||||TIDAK||TIDAK||||||
142|RENNI|ASL|110006387|13/12/2016 16:05:02|UB Elektronika Pertahanan|11614UD104|N20120122|STARSTREAK & ACCESSORIES PROJECT|ALAT KANTOR LAIN2; SENTRA DOUBLE FACE (STAND) 80X120CM|2131|BU|IDR|980000|1|980000|980000|09/12/2016 0:00:00|06/12/2016 0:00:00|140001137|0|||1||||||TIDAK||TIDAK||||||
143|RENNI|ASL|110006386|13/12/2016 16:05:20|UB Elektronika Pertahanan|11614UD104|N10162818|STARSTREAK & ACCESSORIES PROJECT|CONNECTOR; MILITARY CONNECTOR IGE8E28H15-50FWBZLF-09N286|2131|BU|IDR|2,02E+07|4|8,08E+07|8,08E+07|09/12/2016 0:00:00|27/01/2017 0:00:00|140001134|220001104|SPK|BITRAS, CV.|4|IDR|19450000|77800000|06/12/2016 0:00:00|28/02/2017 0:00:00|TIDAK||TIDAK|3000000|||||
144|RENNI|ASL|110006386|13/12/2016 16:05:20|UB Elektronika Pertahanan|11614UD104|N10202498|STARSTREAK & ACCESSORIES PROJECT|ACCESSORIES; HEATSHRINK TRANS, 382A, 1-2, 38.6MM, 382A034-25/225-0 	|2131|BU|IDR|735000|120|8,82E+07|8,82E+07|09/12/2016 0:00:00|27/01/2017 0:00:00|140001134|220001104|SPK|BITRAS, CV.|120|IDR|725000|87000000|06/12/2016 0:00:00|28/02/2017 0:00:00|TIDAK||TIDAK|1200000|||||
145|RENNI|HMD|110006385|13/12/2016 16:05:31|UB Elektronika Pertahanan|11616UD163|N13105748|IFF BANGTEKINDHAN 2016|BRG JD ELEKTRIK; SMA LIMITER PIN-PIN WITH 15DBM FLAT LEAKAGE OPERATING FROM 1 GHZ TO 3 GHZ|2131|UN|SGD|367,5|4|1470|1,425189E+07|09/12/2016 0:00:00|05/12/2016 0:00:00|||||4||||||TIDAK||TIDAK||||||
146|RENNI|HMD|110006385|13/12/2016 16:05:31|UB Elektronika Pertahanan|11616UD163|N13105746|IFF BANGTEKINDHAN 2016|BRG JD ELEKTRIK; 1.5 DB NF LOW NOISE AMPLIFIER OPERATING FROM 1 GHZ TO 2 GHZ WITH 35DB GAIN, 10DBM PSAT AND SMA|2131|UN|SGD|2082|2|4164|4,037065E+07|09/12/2016 0:00:00|05/12/2016 0:00:00|||||2||||||TIDAK||TIDAK||||||
147|RENNI|HMD|110006385|13/12/2016 16:05:31|UB Elektronika Pertahanan|11616UD163|N13105747|IFF BANGTEKINDHAN 2016|BRG JD ELEKTRIK; 40DB GAIN 0.8DB NF LOW NOISE HIGH GAIN AMLPIFIER OPERATING FROM 1 GHZ TO 2 GHZ WITH 11DBM P1 DB AND SMA|2131|UN|SGD|1655,5|2|3311|3,210067E+07|09/12/2016 0:00:00|05/12/2016 0:00:00|||||2||||||TIDAK||TIDAK||||||
148|DWI|EDI|110006384|09/12/2016 15:57:08|Divisi Produksi|NONE|N27130146|No Project|PRINTER; HP LASERJET  TIPE: PRO M1132 MFP|B2200|UN|IDR|1950000|1|1950000|1950000|09/12/2016 0:00:00|20/12/2016 0:00:00|130003763|210003586|SP|ULTIMA TELEMATIKA MANDIRI, CV.|1|IDR|1925000|1925000|14/12/2016 0:00:00|21/12/2016 0:00:00|TIDAK|23/12/2016 0:00:00|TIDAK|25000|310003677|1|||
149|DWI|EDI|110006383|09/12/2016 15:56:52|Divisi Produksi|NONE|N27100615|No Project|LAPTOP; XIAOMI MI NOTEBOOK AIR 12.5 INCI, CORE M3-6Y30 DUAL-CORE 900MHZ TURBOBOOST 2,2GHZ|B2200|UN|IDR|8690000|1|8690000|8690000|09/12/2016 0:00:00|20/12/2016 0:00:00|130003766|210003589|SP|ANUGERAH PUTRA SEJATI, CV.|1|IDR|8690000|8690000|15/12/2016 0:00:00|29/12/2016 0:00:00|TIDAK|20/12/2016 0:00:00|TIDAK|0|310003647|1|||
150|DWI|ARF|110006382|09/12/2016 15:56:22|Divisi Produksi|35016MI120|27130112|PROGRAM STOCK PRINTER KTP EL SET 2016|PRINTER; HIGH DEFINITION PRINTER FILM, HDP REVERSE TRANSFER FILM WITH HIGH SECURITY RFID FOR HDP5000, FARGO|2134|BU|IDR|1095000|330|3,6135E+08|3,6135E+08|09/12/2016 0:00:00|26/12/2016 0:00:00|130003765|210003588|SPERJ|NOAH ARKINDO, PT.|330|IDR|1095000|361350016|15/12/2016 0:00:00|10/02/2017 0:00:00|TIDAK|25/12/2016 0:00:00|TIDAK|0|310003679|330|||
151|DWI|ARF|110006382|09/12/2016 15:56:22|Divisi Produksi|35016MI120|27130111|PROGRAM STOCK PRINTER KTP EL SET 2016|PRINTER; HIGH DEFINITION PRINTER RIBBON COLOR, YMCKH: FULL-COLOR RIBBON WITH RESIN BLACK AND HEAT SEAL PANEL FOR HDP5000, FARGO|2134|BU|IDR|2115000|1000|2,115E+09|2,115E+09|09/12/2016 0:00:00|26/12/2016 0:00:00|130003765|210003588|SPERJ|NOAH ARKINDO, PT.|1000|IDR|2115000|2115000064|15/12/2016 0:00:00|10/02/2017 0:00:00|TIDAK|25/12/2016 0:00:00|TIDAK|0|310003679|1000|||
152|DWI|ARF|110006382|09/12/2016 15:56:22|Divisi Produksi|35016MI120|27110333|PROGRAM STOCK PRINTER KTP EL SET 2016|CARD; CARD PERSONALIZATION PRINTER|2134|BU|IDR|2,675E+07|30|8,025E+08|8,025E+08|09/12/2016 0:00:00|26/12/2016 0:00:00|130003765|210003588|SPERJ|NOAH ARKINDO, PT.|30|IDR|26750000|802499968|15/12/2016 0:00:00|10/02/2017 0:00:00|TIDAK|25/12/2016 0:00:00|TIDAK|0|310003679|30|||
153|DWI|ARF|110006382|09/12/2016 15:56:22|Divisi Produksi|35016MI120|27130113|PROGRAM STOCK PRINTER KTP EL SET 2016|PRINTER; PRINTER CLEANING KIT, PRINTER CLEANING KIT FOR HDP5000, FARGO|2134|BU|IDR|350000|500|1,75E+08|1,75E+08|09/12/2016 0:00:00|26/12/2016 0:00:00|130003765|210003588|SPERJ|NOAH ARKINDO, PT.|500|IDR|350000|175000000|15/12/2016 0:00:00|10/02/2017 0:00:00|TIDAK|25/12/2016 0:00:00|TIDAK|0|310003679|500|||
